-- phpMyAdmin SQL Dump
-- version 4.8.4
-- https://www.phpmyadmin.net/
--
-- Hôte : 127.0.0.1:3306
-- Généré le :  ven. 16 août 2019 à 14:19
-- Version du serveur :  5.7.24
-- Version de PHP :  7.2.14

SET SQL_MODE = "NO_AUTO_VALUE_ON_ZERO";
SET AUTOCOMMIT = 0;
START TRANSACTION;
SET time_zone = "+00:00";


/*!40101 SET @OLD_CHARACTER_SET_CLIENT=@@CHARACTER_SET_CLIENT */;
/*!40101 SET @OLD_CHARACTER_SET_RESULTS=@@CHARACTER_SET_RESULTS */;
/*!40101 SET @OLD_COLLATION_CONNECTION=@@COLLATION_CONNECTION */;
/*!40101 SET NAMES utf8mb4 */;

--
-- Base de données :  `projet3`
--

--
-- Déchargement des données de la table `chapter`
--

INSERT INTO `chapter` (`id`, `title`, `text`, `creation_date`) VALUES
(1, 'Chapitre 1', 'Unde Rufinus ea tempestate praefectus praetorio ad discrimen trusus est ultimum. ire enim ipse compellebatur ad militem, quem exagitabat inopia simul et feritas, et alioqui coalito more in ordinarias dignitates asperum semper et saevum, ut satisfaceret atque monstraret, quam ob causam annonae convectio sit impedita.\r\n\r\nUt enim quisque sibi plurimum confidit et ut quisque maxime virtute et sapientia sic munitus est, ut nullo egeat suaque omnia in se ipso posita iudicet, ita in amicitiis expetendis colendisque maxime excellit. Quid enim? Africanus indigens mei? Minime hercule! ac ne ego quidem illius; sed ego admiratione quadam virtutis eius, ille vicissim opinione fortasse non nulla, quam de meis moribus habebat, me dilexit; auxit benevolentiam consuetudo. Sed quamquam utilitates multae et magnae consecutae sunt, non sunt tamen ab earum spe causae diligendi profectae.\r\n\r\nErat autem diritatis eius hoc quoque indicium nec obscurum nec latens, quod ludicris cruentis delectabatur et in circo sex vel septem aliquotiens vetitis certaminibus pugilum vicissim se concidentium perfusorumque sanguine specie ut lucratus ingentia laetabatur.\r\n\r\nNec piget dicere avide magis hanc insulam populum Romanum invasisse quam iuste. Ptolomaeo enim rege foederato nobis et socio ob aerarii nostri angustias iusso sine ulla culpa proscribi ideoque hausto veneno voluntaria morte deleto et tributaria facta est et velut hostiles eius exuviae classi inpositae in urbem advectae sunt per Catonem, nunc repetetur ordo gestorum.\r\n\r\nQuibus ita sceleste patratis Paulus cruore perfusus reversusque ad principis castra multos coopertos paene catenis adduxit in squalorem deiectos atque maestitiam, quorum adventu intendebantur eculei uncosque parabat carnifex et tormenta. et ex is proscripti sunt plures actique in exilium alii, non nullos gladii consumpsere poenales. nec enim quisquam facile meminit sub Constantio, ubi susurro tenus haec movebantur, quemquam absolutum.\r\n\r\nInter haec Orfitus praefecti potestate regebat urbem aeternam ultra modum delatae dignitatis sese efferens insolenter, vir quidem prudens et forensium negotiorum oppido gnarus, sed splendore liberalium doctrinarum minus quam nobilem decuerat institutus, quo administrante seditiones sunt concitatae graves ob inopiam vini: huius avidis usibus vulgus intentum ad motus asperos excitatur et crebros.\r\n\r\nQuo cognito Constantius ultra mortalem modum exarsit ac nequo casu idem Gallus de futuris incertus agitare quaedam conducentia saluti suae per itinera conaretur, remoti sunt omnes de industria milites agentes in civitatibus perviis.\r\n\r\nQuibus occurrere bene pertinax miles explicatis ordinibus parans hastisque feriens scuta qui habitus iram pugnantium concitat et dolorem proximos iam gestu terrebat sed eum in certamen alacriter consurgentem revocavere ductores rati intempestivum anceps subire certamen cum haut longe muri distarent, quorum tutela securitas poterat in solido locari cunctorum.\r\n\r\nEx turba vero imae sortis et paupertinae in tabernis aliqui pernoctant vinariis, non nulli velariis umbraculorum theatralium latent, quae Campanam imitatus lasciviam Catulus in aedilitate sua suspendit omnium primus; aut pugnaciter aleis certant turpi sono fragosis naribus introrsum reducto spiritu concrepantes; aut quod est studiorum omnium maximum ab ortu lucis ad vesperam sole fatiscunt vel pluviis, per minutias aurigarum equorumque praecipua vel delicta scrutantes.\r\n\r\nMox dicta finierat, multitudo omnis ad, quae imperator voluit, promptior laudato consilio consensit in pacem ea ratione maxime percita, quod norat expeditionibus crebris fortunam eius in malis tantum civilibus vigilasse, cum autem bella moverentur externa, accidisse plerumque luctuosa, icto post haec foedere gentium ritu perfectaque sollemnitate imperator Mediolanum ad hiberna discessit.', '2019-05-01 12:01:38'),
(2, 'Chapitre 2', 'Quam ob rem id primum videamus, si placet, quatenus amor in amicitia progredi debeat. Numne, si Coriolanus habuit amicos, ferre contra patriam arma illi cum Coriolano debuerunt? num Vecellinum amici regnum adpetentem, num Maelium debuerunt iuvare?\r\n\r\nEt est admodum mirum videre plebem innumeram mentibus ardore quodam infuso cum dimicationum curulium eventu pendentem. haec similiaque memorabile nihil vel serium agi Romae permittunt. ergo redeundum ad textum.\r\n\r\nEt interdum acciderat, ut siquid in penetrali secreto nullo citerioris vitae ministro praesente paterfamilias uxori susurrasset in aurem, velut Amphiarao referente aut Marcio, quondam vatibus inclitis, postridie disceret imperator. ideoque etiam parietes arcanorum soli conscii timebantur.\r\n\r\nHis cognitis Gallus ut serpens adpetitus telo vel saxo iamque spes extremas opperiens et succurrens saluti suae quavis ratione colligi omnes iussit armatos et cum starent attoniti, districta dentium acie stridens adeste inquit viri fortes mihi periclitanti vobiscum.\r\n\r\nCumque pertinacius ut legum gnarus accusatorem flagitaret atque sollemnia, doctus id Caesar libertatemque superbiam ratus tamquam obtrectatorem audacem excarnificari praecepit, qui ita evisceratus ut cruciatibus membra deessent, inplorans caelo iustitiam, torvum renidens fundato pectore mansit inmobilis nec se incusare nec quemquam alium passus et tandem nec confessus nec confutatus cum abiecto consorte poenali est morte multatus. et ducebatur intrepidus temporum iniquitati insultans, imitatus Zenonem illum veterem Stoicum qui ut mentiretur quaedam laceratus diutius, avulsam sedibus linguam suam cum cruento sputamine in oculos interrogantis Cyprii regis inpegit.\r\n\r\nEius populus ab incunabulis primis ad usque pueritiae tempus extremum, quod annis circumcluditur fere trecentis, circummurana pertulit bella, deinde aetatem ingressus adultam post multiplices bellorum aerumnas Alpes transcendit et fretum, in iuvenem erectus et virum ex omni plaga quam orbis ambit inmensus, reportavit laureas et triumphos, iamque vergens in senium et nomine solo aliquotiens vincens ad tranquilliora vitae discessit.\r\n\r\nAccedebant enim eius asperitati, ubi inminuta vel laesa amplitudo imperii dicebatur, et iracundae suspicionum quantitati proximorum cruentae blanditiae exaggerantium incidentia et dolere inpendio simulantium, si principis periclitetur vita, a cuius salute velut filo pendere statum orbis terrarum fictis vocibus exclamabant.\r\n\r\nDum apud Persas, ut supra narravimus, perfidia regis motus agitat insperatos, et in eois tractibus bella rediviva consurgunt, anno sexto decimo et eo diutius post Nepotiani exitium, saeviens per urbem aeternam urebat cuncta Bellona, ex primordiis minimis ad clades excita luctuosas, quas obliterasset utinam iuge silentium! ne forte paria quandoque temptentur, plus exemplis generalibus nocitura quam delictis.\r\n\r\nNemo quaeso miretur, si post exsudatos labores itinerum longos congestosque adfatim commeatus fiducia vestri ductante barbaricos pagos adventans velut mutato repente consilio ad placidiora deverti.\r\n\r\nVbi curarum abiectis ponderibus aliis tamquam nodum et codicem difficillimum Caesarem convellere nisu valido cogitabat, eique deliberanti cum proximis clandestinis conloquiis et nocturnis qua vi, quibusve commentis id fieret, antequam effundendis rebus pertinacius incumberet confidentia, acciri mollioribus scriptis per simulationem tractatus publici nimis urgentis eundem placuerat Gallum, ut auxilio destitutus sine ullo interiret obstaculo.', '2019-05-15 12:27:38'),
(3, 'Chapitre 3', 'Nihil morati post haec militares avidi saepe turbarum adorti sunt Montium primum, qui divertebat in proximo, levi corpore senem atque morbosum, et hirsutis resticulis cruribus eius innexis divaricaturn sine spiramento ullo ad usque praetorium traxere praefecti.\r\n\r\nPaphius quin etiam et Cornelius senatores, ambo venenorum artibus pravis se polluisse confessi, eodem pronuntiante Maximino sunt interfecti. pari sorte etiam procurator monetae extinctus est. Sericum enim et Asbolium supra dictos, quoniam cum hortaretur passim nominare, quos vellent, adiecta religione firmarat, nullum igni vel ferro se puniri iussurum, plumbi validis ictibus interemit. et post hoe flammis Campensem aruspicem dedit, in negotio eius nullo sacramento constrictus.\r\n\r\nErat autem diritatis eius hoc quoque indicium nec obscurum nec latens, quod ludicris cruentis delectabatur et in circo sex vel septem aliquotiens vetitis certaminibus pugilum vicissim se concidentium perfusorumque sanguine specie ut lucratus ingentia laetabatur.\r\n\r\nNam quibusdam, quos audio sapientes habitos in Graecia, placuisse opinor mirabilia quaedam (sed nihil est quod illi non persequantur argutiis): partim fugiendas esse nimias amicitias, ne necesse sit unum sollicitum esse pro pluribus; satis superque esse sibi suarum cuique rerum, alienis nimis implicari molestum esse; commodissimum esse quam laxissimas habenas habere amicitiae, quas vel adducas, cum velis, vel remittas; caput enim esse ad beate vivendum securitatem, qua frui non possit animus, si tamquam parturiat unus pro pluribus.\r\n\r\nNam quibusdam, quos audio sapientes habitos in Graecia, placuisse opinor mirabilia quaedam (sed nihil est quod illi non persequantur argutiis): partim fugiendas esse nimias amicitias, ne necesse sit unum sollicitum esse pro pluribus; satis superque esse sibi suarum cuique rerum, alienis nimis implicari molestum esse; commodissimum esse quam laxissimas habenas habere amicitiae, quas vel adducas, cum velis, vel remittas; caput enim esse ad beate vivendum securitatem, qua frui non possit animus, si tamquam parturiat unus pro pluribus.\r\n\r\nInter quos Paulus eminebat notarius ortus in Hispania, glabro quidam sub vultu latens, odorandi vias periculorum occultas perquam sagax. is in Brittanniam missus ut militares quosdam perduceret ausos conspirasse Magnentio, cum reniti non possent, iussa licentius supergressus fluminis modo fortunis conplurium sese repentinus infudit et ferebatur per strages multiplices ac ruinas, vinculis membra ingenuorum adfligens et quosdam obterens manicis, crimina scilicet multa consarcinando a veritate longe discreta. unde admissum est facinus impium, quod Constanti tempus nota inusserat sempiterna.\r\n\r\nThalassius vero ea tempestate praefectus praetorio praesens ipse quoque adrogantis ingenii, considerans incitationem eius ad multorum augeri discrimina, non maturitate vel consiliis mitigabat, ut aliquotiens celsae potestates iras principum molliverunt, sed adversando iurgandoque cum parum congrueret, eum ad rabiem potius evibrabat, Augustum actus eius exaggerando creberrime docens, idque, incertum qua mente, ne lateret adfectans. quibus mox Caesar acrius efferatus, velut contumaciae quoddam vexillum altius erigens, sine respectu salutis alienae vel suae ad vertenda opposita instar rapidi fluminis irrevocabili impetu ferebatur.\r\n\r\nNovo denique perniciosoque exemplo idem Gallus ausus est inire flagitium grave, quod Romae cum ultimo dedecore temptasse aliquando dicitur Gallienus, et adhibitis paucis clam ferro succinctis vesperi per tabernas palabatur et conpita quaeritando Graeco sermone, cuius erat inpendio gnarus, quid de Caesare quisque sentiret. et haec confidenter agebat in urbe ubi pernoctantium luminum claritudo dierum solet imitari fulgorem. postremo agnitus saepe iamque, si prodisset, conspicuum se fore contemplans, non nisi luce palam egrediens ad agenda quae putabat seria cernebatur. et haec quidem medullitus multis gementibus agebantur.\r\n\r\nExcitavit hic ardor milites per municipia plurima, quae isdem conterminant, dispositos et castella, sed quisque serpentes latius pro viribus repellere moliens, nunc globis confertos, aliquotiens et dispersos multitudine superabatur ingenti, quae nata et educata inter editos recurvosque ambitus montium eos ut loca plana persultat et mollia, missilibus obvios eminus lacessens et ululatu truci perterrens.\r\n\r\nIncenderat autem audaces usque ad insaniam homines ad haec, quae nefariis egere conatibus, Luscus quidam curator urbis subito visus: eosque ut heiulans baiolorum praecentor ad expediendum quod orsi sunt incitans vocibus crebris. qui haut longe postea ideo vivus exustus est.', '2019-05-22 12:37:38'),
(4, 'Chapitre 4', 'Circa hos dies Lollianus primae lanuginis adulescens, Lampadi filius ex praefecto, exploratius causam Maximino spectante, convictus codicem noxiarum artium nondum per aetatem firmato consilio descripsisse, exulque mittendus, ut sperabatur, patris inpulsu provocavit ad principem, et iussus ad eius comitatum duci, de fumo, ut aiunt, in flammam traditus Phalangio Baeticae consulari cecidit funesti carnificis manu.\r\n\r\nCuius acerbitati uxor grave accesserat incentivum, germanitate Augusti turgida supra modum, quam Hannibaliano regi fratris filio antehac Constantinus iunxerat pater, Megaera quaedam mortalis, inflammatrix saevientis adsidua, humani cruoris avida nihil mitius quam maritus; qui paulatim eruditiores facti processu temporis ad nocendum per clandestinos versutosque rumigerulos conpertis leviter addere quaedam male suetos falsa et placentia sibi discentes, adfectati regni vel artium nefandarum calumnias insontibus adfligebant.\r\n\r\nBatnae municipium in Anthemusia conditum Macedonum manu priscorum ab Euphrate flumine brevi spatio disparatur, refertum mercatoribus opulentis, ubi annua sollemnitate prope Septembris initium mensis ad nundinas magna promiscuae fortunae convenit multitudo ad commercanda quae Indi mittunt et Seres aliaque plurima vehi terra marique consueta.\r\n\r\nProinde concepta rabie saeviore, quam desperatio incendebat et fames, amplificatis viribus ardore incohibili in excidium urbium matris Seleuciae efferebantur, quam comes tuebatur Castricius tresque legiones bellicis sudoribus induratae.\r\n\r\nAlii nullo quaerente vultus severitate adsimulata patrimonia sua in inmensum extollunt, cultorum ut puta feracium multiplicantes annuos fructus, quae a primo ad ultimum solem se abunde iactitant possidere, ignorantes profecto maiores suos, per quos ita magnitudo Romana porrigitur, non divitiis eluxisse sed per bella saevissima, nec opibus nec victu nec indumentorum vilitate gregariis militibus discrepantes opposita cuncta superasse virtute.\r\n\r\nHomines enim eruditos et sobrios ut infaustos et inutiles vitant, eo quoque accedente quod et nomenclatores adsueti haec et talia venditare, mercede accepta lucris quosdam et prandiis inserunt subditicios ignobiles et obscuros.\r\n\r\nDum apud Persas, ut supra narravimus, perfidia regis motus agitat insperatos, et in eois tractibus bella rediviva consurgunt, anno sexto decimo et eo diutius post Nepotiani exitium, saeviens per urbem aeternam urebat cuncta Bellona, ex primordiis minimis ad clades excita luctuosas, quas obliterasset utinam iuge silentium! ne forte paria quandoque temptentur, plus exemplis generalibus nocitura quam delictis.\r\n\r\nAt nunc si ad aliquem bene nummatum tumentemque ideo honestus advena salutatum introieris, primitus tamquam exoptatus suscipieris et interrogatus multa coactusque mentiri, miraberis numquam antea visus summatem virum tenuem te sic enixius observantem, ut paeniteat ob haec bona tamquam praecipua non vidisse ante decennium Romam.\r\n\r\nPrincipium autem unde latius se funditabat, emersit ex negotio tali. Chilo ex vicario et coniux eius Maxima nomine, questi apud Olybrium ea tempestate urbi praefectum, vitamque suam venenis petitam adseverantes inpetrarunt ut hi, quos suspectati sunt, ilico rapti conpingerentur in vincula, organarius Sericus et Asbolius palaestrita et aruspex Campensis.\r\n\r\nVbi curarum abiectis ponderibus aliis tamquam nodum et codicem difficillimum Caesarem convellere nisu valido cogitabat, eique deliberanti cum proximis clandestinis conloquiis et nocturnis qua vi, quibusve commentis id fieret, antequam effundendis rebus pertinacius incumberet confidentia, acciri mollioribus scriptis per simulationem tractatus publici nimis urgentis eundem placuerat Gallum, ut auxilio destitutus sine ullo interiret obstaculo.', '2019-06-12 21:07:38'),
(5, 'Chapitre 5', 'Equitis Romani autem esse filium criminis loco poni ab accusatoribus neque his iudicantibus oportuit neque defendentibus nobis. Nam quod de pietate dixistis, est quidem ista nostra existimatio, sed iudicium certe parentis; quid nos opinemur, audietis ex iuratis; quid parentes sentiant, lacrimae matris incredibilisque maeror, squalor patris et haec praesens maestitia, quam cernitis, luctusque declarat.\r\n\r\nQuam ob rem id primum videamus, si placet, quatenus amor in amicitia progredi debeat. Numne, si Coriolanus habuit amicos, ferre contra patriam arma illi cum Coriolano debuerunt? num Vecellinum amici regnum adpetentem, num Maelium debuerunt iuvare?\r\n\r\nIamque lituis cladium concrepantibus internarum non celate ut antea turbidum saeviebat ingenium a veri consideratione detortum et nullo inpositorum vel conpositorum fidem sollemniter inquirente nec discernente a societate noxiorum insontes velut exturbatum e iudiciis fas omne discessit, et causarum legitima silente defensione carnifex rapinarum sequester et obductio capitum et bonorum ubique multatio versabatur per orientales provincias, quas recensere puto nunc oportunum absque Mesopotamia digesta, cum bella Parthica dicerentur, et Aegypto, quam necessario aliud reieci ad tempus.\r\n\r\nHorum adventum praedocti speculationibus fidis rectores militum tessera data sollemni armatos omnes celeri eduxere procursu et agiliter praeterito Calycadni fluminis ponte, cuius undarum magnitudo murorum adluit turres, in speciem locavere pugnandi. neque tamen exiluit quisquam nec permissus est congredi. formidabatur enim flagrans vesania manus et superior numero et ruitura sine respectu salutis in ferrum.\r\n\r\nPrincipium autem unde latius se funditabat, emersit ex negotio tali. Chilo ex vicario et coniux eius Maxima nomine, questi apud Olybrium ea tempestate urbi praefectum, vitamque suam venenis petitam adseverantes inpetrarunt ut hi, quos suspectati sunt, ilico rapti conpingerentur in vincula, organarius Sericus et Asbolius palaestrita et aruspex Campensis.\r\n\r\nNovitates autem si spem adferunt, ut tamquam in herbis non fallacibus fructus appareat, non sunt illae quidem repudiandae, vetustas tamen suo loco conservanda; maxima est enim vis vetustatis et consuetudinis. Quin in ipso equo, cuius modo feci mentionem, si nulla res impediat, nemo est, quin eo, quo consuevit, libentius utatur quam intractato et novo. Nec vero in hoc quod est animal, sed in iis etiam quae sunt inanima, consuetudo valet, cum locis ipsis delectemur, montuosis etiam et silvestribus, in quibus diutius commorati sumus.\r\n\r\nIllud tamen clausos vehementer angebat quod captis navigiis, quae frumenta vehebant per flumen, Isauri quidem alimentorum copiis adfluebant, ipsi vero solitarum rerum cibos iam consumendo inediae propinquantis aerumnas exitialis horrebant.\r\n\r\nQuis enim aut eum diligat quem metuat, aut eum a quo se metui putet? Coluntur tamen simulatione dumtaxat ad tempus. Quod si forte, ut fit plerumque, ceciderunt, tum intellegitur quam fuerint inopes amicorum. Quod Tarquinium dixisse ferunt, tum exsulantem se intellexisse quos fidos amicos habuisset, quos infidos, cum iam neutris gratiam referre posset.\r\n\r\nUt enim benefici liberalesque sumus, non ut exigamus gratiam (neque enim beneficium faeneramur sed natura propensi ad liberalitatem sumus), sic amicitiam non spe mercedis adducti sed quod omnis eius fructus in ipso amore inest, expetendam putamus.\r\n\r\nNunc vero inanes flatus quorundam vile esse quicquid extra urbis pomerium nascitur aestimant praeter orbos et caelibes, nec credi potest qua obsequiorum diversitate coluntur homines sine liberis Romae.', '2019-07-01 11:02:38'),
(8, 'Chapitre 6', '<p>Et eodem impetu Domitianum praecipitem per scalas itidem funibus constrinxerunt, eosque coniunctos per ampla spatia civitatis acri raptavere discursu. iamque artuum et membrorum divulsa conpage superscandentes corpora mortuorum ad ultimam truncata deformitatem velut exsaturati mox abiecerunt in flumen. Altera sententia est, quae definit amicitiam paribus officiis ac voluntatibus. Hoc quidem est nimis exigue et exiliter ad calculos vocare amicitiam, ut par sit ratio acceptorum et datorum. Divitior mihi et affluentior videtur esse vera amicitia nec observare restricte, ne plus reddat quam acceperit; neque enim verendum est, ne quid excidat, aut ne quid in terram defluat, aut ne plus aequo quid in amicitiam congeratur.</p>\r\n<p>Quare hoc quidem praeceptum, cuiuscumque est, ad tollendam amicitiam valet; illud potius praecipiendum fuit, ut eam diligentiam adhiberemus in amicitiis comparandis, ut ne quando amare inciperemus eum, quem aliquando odisse possemus. Quin etiam si minus felices in diligendo fuissemus, ferendum id Scipio potius quam inimicitiarum tempus cogitandum putabat. Eodem tempore etiam Hymetii praeclarae indolis viri negotium est actitatum, cuius hunc novimus esse textum. cum Africam pro consule regeret Carthaginiensibus victus inopia iam lassatis, ex horreis Romano populo destinatis frumentum dedit, pauloque postea cum provenisset segetum copia, integre sine ulla restituit mora.</p>\r\n<p>&nbsp;</p>\r\n<p>Dumque ibi diu moratur commeatus opperiens, quorum translationem ex Aquitania verni imbres solito crebriores prohibebant auctique torrentes, Herculanus advenit protector domesticus, Hermogenis ex magistro equitum filius, apud Constantinopolim, ut supra rettulimus, populari quondam turbela discerpti. quo verissime referente quae Gallus egerat, damnis super praeteritis maerens et futurorum timore suspensus angorem animi quam diu potuit emendabat. Hac ita persuasione reducti intra moenia bellatores obseratis undique portarum aditibus, propugnaculis insistebant et pinnis, congesta undique saxa telaque habentes in promptu, ut si quis se proripuisset interius, multitudine missilium sterneretur et lapidum.</p>\r\n<p>&nbsp;</p>\r\n<p>Nisi mihi Phaedrum, inquam, tu mentitum aut Zenonem putas, quorum utrumque audivi, cum mihi nihil sane praeter sedulitatem probarent, omnes mihi Epicuri sententiae satis notae sunt. atque eos, quos nominavi, cum Attico nostro frequenter audivi, cum miraretur ille quidem utrumque, Phaedrum autem etiam amaret, cotidieque inter nos ea, quae audiebamus, conferebamus, neque erat umquam controversia, quid ego intellegerem, sed quid probarem. Post hoc impie perpetratum quod in aliis quoque iam timebatur, tamquam licentia crudelitati indulta per suspicionum nebulas aestimati quidam noxii damnabantur. quorum pars necati, alii puniti bonorum multatione actique laribus suis extorres nullo sibi relicto praeter querelas et lacrimas, stipe conlaticia victitabant, et civili iustoque imperio ad voluntatem converso cruentam, claudebantur opulentae domus et clarae. Quae dum ita struuntur, indicatum est apud Tyrum indumentum regale textum occulte, incertum quo locante vel cuius usibus apparatum. ideoque rector provinciae tunc pater Apollinaris eiusdem nominis ut conscius ductus est aliique congregati sunt ex diversis civitatibus multi, qui atrocium criminum ponderibus urgebantur. Nemo quaeso miretur, si post exsudatos labores itinerum longos congestosque adfatim commeatus fiducia vestri ductante barbaricos pagos adventans velut mutato repente consilio ad placidiora deverti.</p>', '2019-08-02 08:47:45'),
(9, 'Chapitre 7', '<p>Accedat huc suavitas quaedam oportet sermonum atque morum, haudquaquam mediocre condimentum amicitiae. Tristitia autem et in omni re severitas habet illa quidem gravitatem, sed amicitia remissior esse debet et liberior et dulcior et ad omnem comitatem facilitatemque proclivior. Et Epigonus quidem amictu tenus philosophus, ut apparuit, prece frustra temptata, sulcatis lateribus mortisque metu admoto turpi confessione cogitatorum socium, quae nulla erant, fuisse firmavit cum nec vidisset quicquam nec audisset penitus expers forensium rerum; Eusebius vero obiecta fidentius negans, suspensus in eodem gradu constantiae stetit latrocinium illud esse, non iudicium clamans.</p>\r\n<p>Sed (saepe enim redeo ad Scipionem, cuius omnis sermo erat de amicitia) querebatur, quod omnibus in rebus homines diligentiores essent; capras et oves quot quisque haberet, dicere posse, amicos quot haberet, non posse dicere et in illis quidem parandis adhibere curam, in amicis eligendis neglegentis esse nec habere quasi signa quaedam et notas, quibus eos qui ad amicitias essent idonei, iudicarent. Sunt igitur firmi et stabiles et constantes eligendi; cuius generis est magna penuria. Et iudicare difficile est sane nisi expertum; experiendum autem est in ipsa amicitia. Ita praecurrit amicitia iudicium tollitque experiendi potestatem. Latius iam disseminata licentia onerosus bonis omnibus Caesar nullum post haec adhibens modum orientis latera cuncta vexabat nec honoratis parcens nec urbium primatibus nec plebeiis. Et eodem impetu Domitianum praecipitem per scalas itidem funibus constrinxerunt, eosque coniunctos per ampla spatia civitatis acri raptavere discursu. iamque artuum et membrorum divulsa conpage superscandentes corpora mortuorum ad ultimam truncata deformitatem velut exsaturati mox abiecerunt in flumen. Ideoque fertur neminem aliquando ob haec vel similia poenae addictum oblato de more elogio revocari iussisse, quod inexorabiles quoque principes factitarunt. et exitiale hoc vitium, quod in aliis non numquam intepescit, in illo aetatis progressu effervescebat, obstinatum eius propositum accendente adulatorum cohorte.</p>\r\n<p>Siquis enim militarium vel honoratorum aut nobilis inter suos rumore tenus esset insimulatus fovisse partes hostiles, iniecto onere catenarum in modum beluae trahebatur et inimico urgente vel nullo, quasi sufficiente hoc solo, quod nominatus esset aut delatus aut postulatus, capite vel multatione bonorum aut insulari solitudine damnabatur. Huic Arabia est conserta, ex alio latere Nabataeis contigua; opima varietate conmerciorum castrisque oppleta validis et castellis, quae ad repellendos gentium vicinarum excursus sollicitudo pervigil veterum per oportunos saltus erexit et cautos. haec quoque civitates habet inter oppida quaedam ingentes Bostram et Gerasam atque Philadelphiam murorum firmitate cautissimas. hanc provinciae inposito nomine rectoreque adtributo obtemperare legibus nostris Traianus conpulit imperator incolarum tumore saepe contunso cum glorioso marte Mediam urgeret et Parthos. Ultima Syriarum est Palaestina per intervalla magna protenta, cultis abundans terris et nitidis et civitates habens quasdam egregias, nullam nulli cedentem sed sibi vicissim velut ad perpendiculum aemulas:</p>\r\n<p>Caesaream, quam ad honorem Octaviani principis exaedificavit Herodes, et Eleutheropolim et Neapolim itidemque Ascalonem Gazam aevo superiore exstructas. Post hoc impie perpetratum quod in aliis quoque iam timebatur, tamquam licentia crudelitati indulta per suspicionum nebulas aestimati quidam noxii damnabantur. quorum pars necati, alii puniti bonorum multatione actique laribus suis extorres nullo sibi relicto praeter querelas et lacrimas, stipe conlaticia victitabant, et civili iustoque imperio ad voluntatem converso cruentam, claudebantur opulentae domus et clarae.</p>', '2019-08-08 16:20:34');

--
-- Déchargement des données de la table `comment`
--

INSERT INTO `comment` (`id`, `pseudo`, `text`, `creationDate`, `report`, `moderate`, `chapterId`) VALUES
(1, 'Pierre', 'Message 1', '2019-05-28 13:00:17', 1, 0, 1),
(2, 'jean', 'Message 2', '2019-05-29 12:06:14', 0, 0, 1),
(3, 'Tom ', 'commentaire test', '2019-06-30 15:11:48', 0, 0, 2),
(4, 'Alain', 'Commentaire de test', '2019-06-30 15:15:29', 0, 0, 3),
(5, 'Alain', 'Commentaire de test', '2019-06-30 15:15:37', 0, 0, 3),
(6, 'Alain', 'Commentaire de test', '2019-06-30 15:16:47', 0, 0, 3),
(7, 'Fabienne', 'Commentaire de test retour page', '2019-06-30 15:17:41', 0, 0, 4),
(8, 'Tom ', 'Message 3', '2019-07-03 17:18:46', 0, 0, 1),
(9, 'fatah', '5123', '2019-07-07 15:17:34', 0, 0, 4),
(10, 'pierre', 'test', '2019-07-07 15:18:59', 0, 0, 4),
(11, 'Tom ', 'Message test envoie commentaire', '2019-07-10 15:15:46', 0, 0, 4),
(12, 'pierre', 'Commentaire test', '2019-07-10 15:19:56', 0, 0, 4),
(13, 'Alain', 'Message type', '2019-07-10 15:25:27', 0, 0, 4),
(14, 'Tom ', 'test', '2019-07-10 15:25:53', 0, 0, 4),
(15, 'Jean ', 'Ceci est un commentaire', '2019-07-23 15:04:15', 0, 0, 2),
(16, 'Jean ', 'Voici mon commentaire', '2019-07-23 15:05:08', 0, 0, 2),
(17, 'Adèle', 'Ceci est un Commentaire  de test', '2019-07-25 14:59:48', 0, 0, 7),
(18, 'gégé', 'Commentaire @#&!', '2019-07-28 15:45:00', 0, 1, 4),
(19, 'Gégé', '@#!& !! ', '2019-07-29 10:28:16', 1, 1, 3),
(20, 'jacques', 'Test test et test', '2019-07-31 16:46:22', 0, 0, 3),
(21, 'Jean ', '*@#@/ !!! ', '2019-07-31 16:46:56', 1, 1, 3),
(22, 'Troll', 'Commentaire pour tester modif', '2019-07-31 16:52:24', 0, 0, 3),
(23, 'Troll 2 ', '@#@#@#@# !!! ', '2019-07-31 16:53:37', 1, 1, 3),
(24, 'Béa', 'Un petit com', '2019-07-31 16:54:52', 0, 0, 3),
(25, 'Steph', '@#é !! ', '2019-07-31 16:55:47', 1, 1, 3),
(26, 'Tom ', '1,2,3', '2019-07-31 16:56:28', 1, 0, 3),
(27, 'Ali', 'Commentaire', '2019-08-08 17:55:49', 0, 0, 9),
(28, 'Ludo', '@#@###!!!!', '2019-08-08 17:56:07', 1, 0, 9),
(29, 'Harry', 'Commentaire.', '2019-08-09 09:34:46', 0, 0, 8),
(30, 'Harry', '@##!!!§§$$**é !', '2019-08-09 09:35:18', 1, 0, 8),
(31, 'Albert', 'test commentaire', '2019-08-09 10:55:21', 0, 0, 1);

--
-- Déchargement des données de la table `contact`
--

INSERT INTO `contact` (`id`, `username`, `userMessage`, `email`, `sendDate`, `processed`, `consent`) VALUES
(84, 'Alain', 'Message test', 'alaintest@gmail.com', '2019-07-10 15:38:35', 0, 1),
(85, 'Balise', 'Message de test contact', '123@gmail.com', '2019-07-31 17:05:02', 0, 1),
(86, 'FATAH', 'test 2', '123@gmail.com', '2019-08-04 17:29:20', 0, 1),
(87, 'FATAH', 'test 3', '123@gmail.com', '2019-08-04 17:30:13', 0, 1),
(88, 'FATAH', 'test 4 ', '123@gmail.com', '2019-08-04 17:37:37', 0, 1),
(89, 'FATAH', 'test', 'derradjfatah@yahoo.fr', '2019-08-05 15:46:55', 0, 1),
(90, 'FATAH', 'Message test email ', 'derradjfatah@gmail.com', '2019-08-05 16:06:05', 0, 1),
(91, 'FATAH', 'test test test', 'derradjfatah@gmail.com', '2019-08-05 16:08:56', 0, 1),
(92, 'FATAH', '1-2-3', '123@gmail.com', '2019-08-05 16:10:01', 0, 1),
(93, 'FATAH', '123', '123@gmail.com', '2019-08-05 16:10:36', 0, 1),
(94, 'FATAH', 'Message de contact Test', 'derradjfatah@gmail.com', '2019-08-09 12:27:01', 0, 1),
(95, 'Tom', 'Message test ! ', '123@gmail.com', '2019-08-09 12:37:54', 0, 1),
(83, 'Maurice', 'Test message nouveau compte', '123@gmail.com', '2019-07-08 15:22:34', 0, 1),
(82, 'Pierre', 'Message test', '123@gmail.com', '2019-07-07 15:25:21', 0, 1),
(81, 'Pierre', 'test', '123@gmail.com', '2019-06-30 14:44:08', 0, 1),
(80, 'Tom', 'Test', '123@gmail.com', '2019-06-30 13:43:23', 0, 1),
(79, 'Tom', 'Test', '123@gmail.com', '2019-06-30 13:43:03', 0, 1),
(14, 'FATAH', 'Test mail', '123@gmail.com', '2019-06-24 11:51:16', 0, 1);

--
-- Déchargement des données de la table `member`
--

INSERT INTO `member` (`id`, `login`, `password`, `token`, `token_date`) VALUES
(1, 'jeanforteroche', '$2y$10$NbzK3Ve8mtCccwRoRnT7G.cd3dRxHrJ25u4urAum6Lay4ihw.8VKK', NULL, NULL);

--
-- Déchargement des données de la table `newsletter`
--

INSERT INTO `newsletter` (`id`, `email`) VALUES
(1, 'derradjfatah@yahoo.fr'),
(3, 'test@gmail.com'),
(4, '123@gmail.com'),
(18, 'derradjfatah@gmail.com');
COMMIT;

/*!40101 SET CHARACTER_SET_CLIENT=@OLD_CHARACTER_SET_CLIENT */;
/*!40101 SET CHARACTER_SET_RESULTS=@OLD_CHARACTER_SET_RESULTS */;
/*!40101 SET COLLATION_CONNECTION=@OLD_COLLATION_CONNECTION */;
